{
    "7": {
        "i_start": {
            "top_indices": [
                13630,
                3985,
                5060,
                15125,
                14342,
                7323,
                1589,
                11713,
                1778,
                15613
            ],
            "top_values": [
                0.05338180065155029,
                0.017723392695188522,
                0.015589131973683834,
                -0.014990577474236488,
                -0.013226121664047241,
                0.012581972405314445,
                0.011604503728449345,
                0.009860881604254246,
                -0.008865900337696075,
                0.007769581861793995
            ]
        },
        "i_end": {
            "top_indices": [
                9681,
                6963,
                7323,
                13729,
                7734,
                9966,
                9208,
                16310,
                177,
                15278
            ],
            "top_values": [
                0.11340731382369995,
                0.040846534073352814,
                -0.02890600636601448,
                0.023335328325629234,
                0.02284153737127781,
                0.019510267302393913,
                0.014924181625247002,
                -0.013975170440971851,
                0.008678602054715157,
                0.007753677666187286
            ]
        },
        "end": {
            "top_indices": [
                13873,
                16049,
                14626,
                9244,
                8643,
                16310,
                1235,
                576,
                11893,
                10093
            ],
            "top_values": [
                -0.09612876176834106,
                -0.059777989983558655,
                0.03625861927866936,
                0.03390856459736824,
                0.025586526840925217,
                0.01653788425028324,
                -0.013592238537967205,
                -0.013559436425566673,
                0.011450694873929024,
                0.011132627725601196
            ]
        }
    },
    "14": {
        "i_start": {
            "top_indices": [
                4718,
                3929,
                12514,
                11621,
                16322,
                14767,
                14572,
                2105,
                9808,
                11721
            ],
            "top_values": [
                0.04978887736797333,
                -0.0338103361427784,
                0.03166681155562401,
                -0.023613005876541138,
                0.021312430500984192,
                0.020848145708441734,
                0.017397092655301094,
                0.01692873053252697,
                0.013558059930801392,
                0.01215294562280178
            ]
        },
        "i_end": {
            "top_indices": [
                14967,
                10550,
                14727,
                5415,
                591,
                15990,
                8429,
                2105,
                14057,
                9357
            ],
            "top_values": [
                0.07303129881620407,
                0.02288391999900341,
                0.021643580868840218,
                0.018484149128198624,
                -0.015137461945414543,
                -0.014802906662225723,
                -0.01454058289527893,
                -0.014032005332410336,
                0.013260685838758945,
                0.01132950559258461
            ]
        },
        "end": {
            "top_indices": [
                10878,
                1289,
                14890,
                3373,
                9310,
                14057,
                1961,
                6284,
                13518,
                2660
            ],
            "top_values": [
                -0.07250237464904785,
                0.04339776933193207,
                -0.04248068481683731,
                0.034901849925518036,
                -0.03190373629331589,
                0.025960147380828857,
                -0.022733861580491066,
                0.01958542875945568,
                0.018310919404029846,
                -0.018239060416817665
            ]
        }
    },
    "21": {
        "i_start": {
            "top_indices": [
                9133,
                4480,
                8969,
                15598,
                972,
                15178,
                7159,
                261,
                4333,
                15926
            ],
            "top_values": [
                -0.006377861835062504,
                -0.005254093557596207,
                -0.004871272016316652,
                0.004389265086501837,
                0.00397229939699173,
                0.0035564443096518517,
                -0.0035255199763923883,
                0.003145297057926655,
                0.002834128448739648,
                0.002444380894303322
            ]
        },
        "i_end": {
            "top_indices": [
                14699,
                5478,
                4490,
                1408,
                4480,
                6650,
                3690,
                12987,
                8255,
                6602
            ],
            "top_values": [
                0.05079621449112892,
                0.02730879932641983,
                0.017728913575410843,
                0.01708103157579899,
                -0.014800932258367538,
                0.014428660273551941,
                0.013714117929339409,
                0.013337671756744385,
                0.013267611153423786,
                0.011535479687154293
            ]
        },
        "end": {
            "top_indices": [
                4167,
                8255,
                1408,
                10795,
                10999,
                3690,
                9427,
                12314,
                4541,
                16137
            ],
            "top_values": [
                -0.10371146351099014,
                0.06034592539072037,
                0.05120536684989929,
                0.044508107006549835,
                0.03818238154053688,
                0.03681281954050064,
                0.035686295479536057,
                0.034208204597234726,
                0.029137741774320602,
                0.02896733209490776
            ]
        }
    },
    "28": {
        "i_start": {
            "top_indices": [
                14940,
                13160,
                9419,
                10819,
                5231,
                1717,
                7755,
                14752,
                6599,
                16215
            ],
            "top_values": [
                0.002774786204099655,
                -0.0018795415526255965,
                0.0012567010708153248,
                0.000873639015480876,
                0.0005483598215505481,
                0.0005210850504226983,
                -0.000508118886500597,
                0.000470149825559929,
                0.000448519189376384,
                -0.00043592555448412895
            ]
        },
        "i_end": {
            "top_indices": [
                2102,
                16077,
                7692,
                2129,
                7599,
                1800,
                4255,
                13160,
                1001,
                7316
            ],
            "top_values": [
                0.05828988179564476,
                0.01808542013168335,
                0.010967346839606762,
                0.010551000013947487,
                0.010508203878998756,
                0.010224085301160812,
                0.00963255949318409,
                -0.009457713924348354,
                0.009247317910194397,
                -0.007233712822198868
            ]
        },