{
    "7": {
        "i_start": {
            "top_indices": [
                13630,
                3985,
                5060,
                7323,
                1589,
                11713,
                12239,
                5813,
                3222,
                15613
            ],
            "top_values": [
                0.04286545142531395,
                0.021595463156700134,
                0.017068900167942047,
                0.01570746675133705,
                0.01102053839713335,
                0.010531915351748466,
                0.0073372982442379,
                0.007314408663660288,
                0.006934301927685738,
                0.006812401581555605
            ]
        },
        "i_end": {
            "top_indices": [
                9681,
                6963,
                13729,
                7734,
                9966,
                9208,
                177,
                3786,
                15278,
                4442
            ],
            "top_values": [
                0.12667879462242126,
                0.044905759394168854,
                0.02763500064611435,
                0.0268440879881382,
                0.021658020094037056,
                0.017232393845915794,
                0.009698472917079926,
                0.009188098832964897,
                0.0087278438732028,
                0.00828675925731659
            ]
        },
        "end": {
            "top_indices": [
                14626,
                9244,
                8643,
                16310,
                11893,
                10093,
                9827,
                7958,
                1338,
                10619
            ],
            "top_values": [
                0.0386156290769577,
                0.034348197281360626,
                0.024570534005761147,
                0.01740887388586998,
                0.012370090931653976,
                0.011570090427994728,
                0.010227903723716736,
                0.008603629656136036,
                0.00834392849355936,
                0.008301535621285439
            ]
        }
    },
    "14": {
        "i_start": {
            "top_indices": [
                4718,
                12514,
                16322,
                14767,
                2105,
                14572,
                9808,
                1306,
                7341,
                11721
            ],
            "top_values": [
                0.04625757038593292,
                0.03360726684331894,
                0.023173339664936066,
                0.020143896341323853,
                0.018410488963127136,
                0.017783882096409798,
                0.014017782174050808,
                0.013693831861019135,
                0.012076906859874725,
                0.011919394135475159
            ]
        },
        "i_end": {
            "top_indices": [
                14967,
                10550,
                14727,
                5415,
                14057,
                3959,
                2255,
                9357,
                2003,
                5628
            ],
            "top_values": [
                0.08038140833377838,
                0.023753829300403595,
                0.02274862863123417,
                0.020376544445753098,
                0.0172729529440403,
                0.013977554626762867,
                0.013741735368967056,
                0.012367326766252518,
                0.011785841546952724,
                0.010975160636007786
            ]
        },
        "end": {
            "top_indices": [
                1289,
                3373,
                14057,
                6284,
                13518,
                14650,
                6436,
                13994,
                2925,
                1728
            ],
            "top_values": [
                0.046938516199588776,
                0.0366896390914917,
                0.02449013665318489,
                0.020495614036917686,
                0.019731972366571426,
                0.01167494710534811,
                0.009210013784468174,
                0.00839712843298912,
                0.007910476066172123,
                0.007663717493414879
            ]
        }
    },
    "21": {
        "i_start": {
            "top_indices": [
                972,
                15598,
                15178,
                261,
                4333,
                15926,
                3239,
                14378,
                5394,
                13586
            ],
            "top_values": [
                0.005087250843644142,
                0.004461376462131739,
                0.004291138146072626,
                0.0042127808555960655,
                0.002905341098085046,
                0.0026185482274740934,
                0.002435607137158513,
                0.002334446180611849,
                0.002214946551248431,
                0.0020902114920318127
            ]
        },
        "i_end": {
            "top_indices": [
                14699,
                5478,
                1408,
                4490,
                6650,
                3690,
                12987,
                8255,
                6602,
                1275
            ],
            "top_values": [
                0.05505687743425369,
                0.027341965585947037,
                0.018493007868528366,
                0.01806000806391239,
                0.01632160320878029,
                0.014484303072094917,
                0.014149832539260387,
                0.01237594522535801,
                0.01064322143793106,
                0.010366655886173248
            ]
        },
        "end": {
            "top_indices": [
                8255,
                1408,
                10795,
                3690,
                9427,
                10999,
                12314,
                4541,
                16137,
                1357
            ],
            "top_values": [
                0.0646481066942215,
                0.05328074470162392,
                0.046278949826955795,
                0.040719181299209595,
                0.038352757692337036,
                0.03735456243157387,
                0.03587140515446663,
                0.031293969601392746,
                0.027582388371229172,
                0.024543723091483116
            ]
        }
    },
    "28": {
        "i_start": {
            "top_indices": [
                14940,
                9419,
                10819,
                5231,
                6599,
                14752,
                1717,
                15629,
                10112,
                14383
            ],
            "top_values": [
                0.0027006492018699646,
                0.00141701300162822,
                0.000846658949740231,
                0.0006771488697268069,
                0.0005490009789355099,
                0.0004906943649984896,
                0.0004365812928881496,
                0.00043386625475250185,
                0.00039199390448629856,
                0.0003913183754775673
            ]
        },
        "i_end": {
            "top_indices": [
                2102,
                16077,
                1800,
                2129,
                7599,
                7692,
                1001,
                4255,
                11397,
                8201
            ],
            "top_values": [
                0.06367069482803345,
                0.01854204386472702,
                0.011682669632136822,
                0.011680178344249725,
                0.011628571897745132,
                0.01147367712110281,
                0.01001916266977787,
                0.009837660938501358,
                0.005985847674310207,
                0.005320785101503134
            ]
        },